{
    "Data_reading -": 5.229030609130859,
    "Upper Confidence Bounds Simulations  -": 7774.105570077896
}
