{
    "Data_reading -": 4.31980562210083,
    "A/B testing -": 3167.523873090744,
    "Epsilon - Greedy Simulations  -": 3521.9977357387543,
    "Thompson Sampling Simulations  -": 6230.707130432129,
    "Upper Confidence Bounds Simulations  -": 8922.470177650452
}
